dataset,delta_pixel_auroc,delta_pixel_aupro,delta_image_auroc,delta_image_ap
MVTec,0.5999999999999943,2.3999999999999915,2.9000000000000057,1.1999999999999886
VisA,0.7000000000000028,4.599999999999994,2.5999999999999943,2.1000000000000085
MPDD,0.3999999999999915,5.300000000000011,4.099999999999994,5.799999999999997
BTAD,2.799999999999997,7.700000000000003,4.800000000000011,3.9000000000000057
DTD-Synthetic,0.5,2.700000000000003,2.4000000000000057,1.0
